name,platform,profileUrl,followerCount,engagementRate,niche,contentThemes,contentDescription,contactEmail,website,audienceAge,audienceGender,audienceGeography,source,sourceUrl
Alex Rivera,Instagram,https://instagram.com/demo_alexrivera,42000,4.2,fitness,"home workouts,beginner fitness,strength training","Posts daily beginner-friendly home workouts focusing on bodyweight exercises and strength building.",alex.rivera.demo@notreal.example,https://alexrivera-fitness-demo.example,18-34,Mixed,United States,DEMO_DATA,
Jordan Kim,YouTube,https://youtube.com/demo_jordankim,78000,3.8,fitness,"HIIT training,cardio,weight loss","Publishes 3x weekly HIIT and cardio workout videos aimed at beginners wanting to lose weight.",jordan.kim.demo@notreal.example,https://jordankim-fit-demo.example,25-44,Female,United States,DEMO_DATA,
Sam Patel,Instagram,https://instagram.com/demo_sampatel,19000,5.1,fitness,"yoga,mindfulness,flexibility","Daily yoga routines and mindfulness practices for stress relief and flexibility improvement.",sam.patel.demo@notreal.example,,18-34,Female,India,DEMO_DATA,
Taylor Brooks,TikTok,https://tiktok.com/@demo_taylorbrooks,55000,6.3,fitness,"quick workouts,office fitness,5-minute routines","Short-form content featuring 5-minute workout routines that can be done anywhere including the office.",taylor.brooks.demo@notreal.example,,18-34,Mixed,United Kingdom,DEMO_DATA,
Morgan Lee,Instagram,https://instagram.com/demo_morganlee,33000,3.5,fitness,"running,marathon training,outdoor fitness","Documents marathon training journey and provides running tips for intermediate runners.",morgan.lee.demo@notreal.example,https://morganruns-demo.example,25-44,Mixed,Australia,DEMO_DATA,
Casey Johnson,YouTube,https://youtube.com/demo_caseyjohnson,67000,4.0,fitness,"powerlifting,strength,competition prep","Detailed powerlifting tutorials and competition preparation guides for serious lifters.",casey.johnson.demo@notreal.example,,25-44,Male,United States,DEMO_DATA,
Riley Thompson,Instagram,https://instagram.com/demo_rileythompson,28000,4.8,fitness,"postpartum fitness,new moms,core recovery","Postpartum fitness content focused on safe core recovery and gentle exercise for new mothers.",riley.thompson.demo@notreal.example,,25-34,Female,United States,DEMO_DATA,
Drew Martinez,TikTok,https://tiktok.com/@demo_drewmartinez,91000,5.7,fitness,"dance fitness,zumba,cardio dance","Energetic dance fitness videos combining Zumba-style movements with pop music choreography.",drew.martinez.demo@notreal.example,,18-34,Female,United States,DEMO_DATA,
Avery Wilson,Instagram,https://instagram.com/demo_averywilson,8500,7.2,fitness,"calisthenics,outdoor workouts,parks fitness","Urban calisthenics content featuring park workout routines and bodyweight skill progressions.",avery.wilson.demo@notreal.example,,18-24,Male,United Kingdom,DEMO_DATA,
Quinn Davis,YouTube,https://youtube.com/demo_quinndavis,45000,3.2,fitness,"nutrition,meal prep,fitness diet","Weekly meal prep guides and nutrition advice tailored for active people and gym-goers.",quinn.davis.demo@notreal.example,https://quinneatwell-demo.example,25-44,Mixed,Canada,DEMO_DATA,
Harper Evans,Instagram,https://instagram.com/demo_harperevans,62000,2.9,fitness,"crossfit,functional fitness,WOD","CrossFit workout-of-the-day posts and functional fitness programming for intermediate athletes.",harper.evans.demo@notreal.example,,25-44,Mixed,United States,DEMO_DATA,
Reese Anderson,TikTok,https://tiktok.com/@demo_reeseanderson,38000,5.4,fitness,"stretch routines,mobility,recovery","Daily stretching and mobility routines designed for desk workers and sedentary lifestyles.",reese.anderson.demo@notreal.example,,18-34,Mixed,United States,DEMO_DATA,
Skyler Thomas,Instagram,https://instagram.com/demo_skylerthomas,14000,6.8,fitness,"senior fitness,60+,low impact","Low-impact fitness content specifically designed for adults 60+ looking to stay active and healthy.",skyler.thomas.demo@notreal.example,,45-65+,Mixed,United States,DEMO_DATA,
Blake Jackson,YouTube,https://youtube.com/demo_blakejackson,82000,3.6,fitness,"gym workouts,muscle building,bodybuilding","Gym-based muscle building programs and bodybuilding tutorials for intermediate to advanced lifters.",blake.jackson.demo@notreal.example,https://blakelift-demo.example,18-34,Male,United States,DEMO_DATA,
Finley White,Instagram,https://instagram.com/demo_finleywhite,25000,4.1,fitness,"cycling,spin class,cardio","Indoor cycling and spin class content including instructor tips and playlist recommendations.",finley.white.demo@notreal.example,,25-44,Mixed,Germany,DEMO_DATA,
Sage Harris,TikTok,https://tiktok.com/@demo_sageharris,73000,5.9,fitness,"pilates,core strength,barre","Pilates and barre fusion workouts focusing on core strength and lean muscle development.",sage.harris.demo@notreal.example,,25-44,Female,United States,DEMO_DATA,
Kennedy Clark,Instagram,https://instagram.com/demo_kennedyclark,9800,6.5,fitness,"rock climbing,outdoor adventure,strength","Rock climbing training tips and outdoor adventure fitness for climbing enthusiasts.",kennedy.clark.demo@notreal.example,,18-34,Mixed,United States,DEMO_DATA,
Ellis Lewis,YouTube,https://youtube.com/demo_ellislewis,56000,4.3,fitness,"swimming,triathlon,endurance","Triathlon training content covering swimming technique, cycling, and running for endurance athletes.",ellis.lewis.demo@notreal.example,,25-44,Mixed,Australia,DEMO_DATA,
Rowan Robinson,Instagram,https://instagram.com/demo_rowanrobinson,31000,3.7,fitness,"kettlebell,functional training,HIIT","Kettlebell and functional training workouts combining strength and cardiovascular conditioning.",rowan.robinson.demo@notreal.example,,25-44,Male,United Kingdom,DEMO_DATA,
Peyton Walker,TikTok,https://tiktok.com/@demo_peytonwalker,48000,6.1,fitness,"gym anxiety,beginner gym,confidence","Content addressing gym anxiety and confidence-building tips for fitness beginners.",peyton.walker.demo@notreal.example,,18-34,Mixed,United States,DEMO_DATA,
Lennon Hall,Instagram,https://instagram.com/demo_lennonhall,22000,5.3,fitness,"protein recipes,fitness cooking,macro tracking","Fitness-focused recipe content and macro-tracking guidance for athletes and gym-goers.",lennon.hall.demo@notreal.example,https://lennonmeals-demo.example,25-44,Mixed,United States,DEMO_DATA,
Harlow Young,YouTube,https://youtube.com/demo_harlowyoung,39000,3.4,fitness,"home gym,equipment reviews,workout space","Home gym setup guides and fitness equipment reviews for those building their personal training space.",harlow.young.demo@notreal.example,,25-44,Male,Canada,DEMO_DATA,
Indigo Scott,Instagram,https://instagram.com/demo_indigoscott,17500,5.8,fitness,"adaptive fitness,disability,inclusive","Adaptive fitness content for people with physical disabilities promoting inclusive exercise options.",indigo.scott.demo@notreal.example,,18-44,Mixed,United States,DEMO_DATA,
Marlowe Green,TikTok,https://tiktok.com/@demo_marlowegreen,64000,4.7,fitness,"fat loss,body recomposition,transformation","Body recomposition and sustainable fat loss content grounded in evidence-based nutrition principles.",marlowe.green.demo@notreal.example,,25-44,Female,United States,DEMO_DATA,
Remy Adams,Instagram,https://instagram.com/demo_remyadams,88000,2.4,fitness,"luxury gym,premium fitness,boutique","Coverage of premium boutique fitness studios and luxury wellness experiences.",remy.adams.demo@notreal.example,https://remyfitlife-demo.example,25-44,Mixed,United States,DEMO_DATA,
Sterling Baker,YouTube,https://youtube.com/demo_sterlingbaker,52000,3.9,fitness,"boxing,martial arts,combat sports","Boxing fitness tutorials and martial arts conditioning workouts for combat sports enthusiasts.",sterling.baker.demo@notreal.example,,18-34,Male,United States,DEMO_DATA,
Wren Carter,Instagram,https://instagram.com/demo_wrencarter,11000,7.4,fitness,"teen fitness,youth sports,athlete development","Fitness and sports performance content specifically targeted at teenage athletes and young adults.",wren.carter.demo@notreal.example,,13-24,Mixed,United States,DEMO_DATA,
Emerson Phillips,TikTok,https://tiktok.com/@demo_emersonphillips,29000,5.6,fitness,"resistance bands,equipment-free,travel fitness","Resistance band and equipment-free workout content ideal for travelers and those with limited space.",emerson.phillips.demo@notreal.example,,18-34,Mixed,United States,DEMO_DATA,
Hadley Turner,Instagram,https://instagram.com/demo_hadleyturner,43000,3.3,fitness,"womens fitness,female strength,body positivity","Women-focused strength training content promoting body positivity and inclusive fitness culture.",hadley.turner.demo@notreal.example,https://hadleystrong-demo.example,18-44,Female,United States,DEMO_DATA,
Phoenix Mitchell,YouTube,https://youtube.com/demo_phoenixmitchell,71000,2.8,fitness,"sports science,exercise physiology,research","Evidence-based fitness content grounded in exercise science research and sports physiology.",phoenix.mitchell.demo@notreal.example,,25-44,Mixed,United States,DEMO_DATA,
Cypress Collins,Instagram,https://instagram.com/demo_cypresscollins,6200,8.1,fitness,"plant-based fitness,vegan athlete,performance","Plant-based athlete content covering vegan nutrition strategies for optimal fitness performance.",cypress.collins.demo@notreal.example,,18-34,Mixed,United Kingdom,DEMO_DATA,
Indira Sharma,Instagram,https://instagram.com/demo_indirasharma,250000,3.1,fitness,"celebrity fitness,red carpet,luxury wellness","High-end celebrity-adjacent fitness and luxury wellness content. (Expected rejection: too many followers)",NotFound,https://indirawellness-demo.example,25-44,Female,India,DEMO_DATA,
Bo Parker,TikTok,https://tiktok.com/@demo_boparker,3200,9.2,fitness,"micro gym,neighborhood fitness,community","Community fitness content from a neighborhood gym. (Expected rejection: too few followers)",bo.parker.demo@notreal.example,,18-34,Mixed,United States,DEMO_DATA,
River Morgan,Instagram,https://instagram.com/demo_rivermorgan,35000,,fitness,"outdoor running,trail running,nature","Trail running and outdoor fitness content. Engagement rate unavailable. (Expected rejection)",NotFound,,25-44,Mixed,United States,DEMO_DATA,
Tatum Reed,YouTube,https://youtube.com/demo_tatumreed,49000,4.5,beauty,"makeup tutorials,skincare,beauty tips","Beauty and makeup tutorial content. (Expected rejection: wrong niche)",tatum.reed.demo@notreal.example,https://tatumbeauty-demo.example,18-34,Female,United States,DEMO_DATA,
Cypress Nguyen,Instagram,https://instagram.com/demo_cypressnguyen,27000,4.9,fitness,"morning routines,fitness lifestyle,daily habits","Morning fitness routines and healthy daily habit building for a balanced lifestyle.",cypress.nguyen.demo@notreal.example,,25-44,Mixed,Vietnam,DEMO_DATA,
Sloane Price,TikTok,https://tiktok.com/@demo_sloaneprice,58000,5.2,fitness,"abs workouts,core fitness,flat stomach","Core and abdominal training content with progressive difficulty for all fitness levels.",sloane.price.demo@notreal.example,,18-34,Female,United States,DEMO_DATA,
Vesper Sullivan,Instagram,https://instagram.com/demo_vespersullivan,16500,6.0,fitness,"injury recovery,rehab fitness,physical therapy","Injury recovery and rehabilitation fitness content guiding people back to exercise safely.",vesper.sullivan.demo@notreal.example,,25-44,Mixed,United States,DEMO_DATA,
Zephyr Ross,YouTube,https://youtube.com/demo_zephyrross,95000,3.0,fitness,"endurance sports,marathon,ultra running","Ultra marathon and endurance sports training content for serious distance runners.",zephyr.ross.demo@notreal.example,https://zephyrruns-demo.example,25-44,Male,United States,DEMO_DATA,
Calyx Jenkins,Instagram,https://instagram.com/demo_calyxjenkins,21000,5.5,fitness,"weight training,female bodybuilding,competition","Female bodybuilding and physique competition preparation content for competitive athletes.",calyx.jenkins.demo@notreal.example,,25-44,Female,United States,DEMO_DATA,
Sable Perry,TikTok,https://tiktok.com/@demo_sableperry,40000,4.6,fitness,"wellness,meditation,holistic health","Holistic health content blending fitness with meditation and mental wellness practices.",sable.perry.demo@notreal.example,,25-44,Female,Canada,DEMO_DATA,
Flint Cooper,Instagram,https://instagram.com/demo_flintcooper,12000,7.0,fitness,"garage gym,DIY fitness,budget workouts","Budget-friendly fitness content for people building garage gyms on a limited budget.",flint.cooper.demo@notreal.example,,25-44,Male,United States,DEMO_DATA,
Lyric Richardson,YouTube,https://youtube.com/demo_lyricrichardson,83000,2.6,fitness,"sports nutrition,supplements,performance","Sports nutrition and supplement information for competitive athletes and fitness enthusiasts.",lyric.richardson.demo@notreal.example,,18-34,Mixed,United States,DEMO_DATA,
Nox Bailey,Instagram,https://instagram.com/demo_noxbailey,34000,4.4,fitness,"jump rope,skipping,cardio fitness","Jump rope cardio fitness content featuring progression routines from beginner to advanced tricks.",nox.bailey.demo@notreal.example,,18-34,Mixed,Brazil,DEMO_DATA,
Harbor Kim,TikTok,https://tiktok.com/@demo_harborkim,68000,5.0,fitness,"functional movement,mobility training,daily movement","Daily functional movement and mobility training for longevity and injury prevention.",harbor.kim.demo@notreal.example,,25-44,Mixed,South Korea,DEMO_DATA,
Lark Foster,Instagram,https://instagram.com/demo_larkfoster,7800,7.8,fitness,"gentle fitness,chronic illness,low intensity","Low-intensity fitness content for people managing chronic illness and autoimmune conditions.",lark.foster.demo@notreal.example,,25-54,Mixed,United States,DEMO_DATA,
Briar Torres,YouTube,https://youtube.com/demo_briartorres,61000,3.7,fitness,"BJJ,grappling,martial arts fitness","Brazilian Jiu-Jitsu and grappling fitness content for combat sports practitioners.",briar.torres.demo@notreal.example,,18-34,Male,United States,DEMO_DATA,
Ember Ramirez,Instagram,https://instagram.com/demo_emberramirez,26000,5.1,fitness,"morning yoga,sun salutations,flow yoga","Morning yoga flow content including sun salutations and vinyasa practices for daily energizing.",ember.ramirez.demo@notreal.example,,18-44,Female,Mexico,DEMO_DATA,
Crest Sullivan,TikTok,https://tiktok.com/@demo_crestsullivan,44000,4.8,fitness,"step workouts,aerobics,low impact cardio","Step aerobics and low-impact cardio content for people who prefer joint-friendly exercise options.",crest.sullivan.demo@notreal.example,,35-54,Female,United States,DEMO_DATA,
Dune Walker,Instagram,https://instagram.com/demo_dunewalker,53000,3.6,fitness,"beach fitness,outdoor training,sand workouts","Beach and outdoor fitness training content featuring sand workouts and ocean swim training.",dune.walker.demo@notreal.example,https://dunefit-demo.example,18-34,Mixed,Australia,DEMO_DATA,
Fern Evans,YouTube,https://youtube.com/demo_fernevans,36000,4.9,fitness,"gymnastics,flexibility training,acrobatics","Gymnastics-inspired flexibility and acrobatic training for fitness enthusiasts seeking unique challenges.",fern.evans.demo@notreal.example,,13-24,Female,United States,DEMO_DATA,
Gale Bennett,Instagram,https://instagram.com/demo_galebennett,18000,6.2,fitness,"outdoor cycling,gravel biking,cycling fitness","Gravel biking and outdoor cycling fitness content for cycling enthusiasts at all levels.",gale.bennett.demo@notreal.example,,25-44,Mixed,Netherlands,DEMO_DATA,
Haven Gray,TikTok,https://tiktok.com/@demo_havengray,75000,4.3,fitness,"accountability,fitness motivation,community fitness","Fitness accountability and motivational content building an online community around consistency.",haven.gray.demo@notreal.example,,18-34,Mixed,United States,DEMO_DATA,
Iris Coleman,Instagram,https://instagram.com/demo_iriscoleman,23000,5.7,fitness,"prenatal fitness,pregnancy exercise,safe workouts","Safe prenatal fitness content for expectant mothers seeking doctor-approved exercise guidance.",iris.coleman.demo@notreal.example,,25-34,Female,United States,DEMO_DATA,
Jet Howard,YouTube,https://youtube.com/demo_jethoward,89000,2.2,fitness,"extreme sports,parkour,freerunning","Extreme sports and parkour content. Engagement rate below threshold. (Expected rejection)",NotFound,,18-24,Male,United Kingdom,DEMO_DATA,
Kit James,Instagram,https://instagram.com/demo_kitjames,15000,6.6,fitness,"tennis fitness,racket sports,agility","Tennis-specific fitness and agility training for recreational and competitive tennis players.",kit.james.demo@notreal.example,,25-44,Mixed,United States,DEMO_DATA,
Lumen Price,TikTok,https://tiktok.com/@demo_lumenprice,47000,4.7,fitness,"sleep and recovery,rest days,sports recovery","Sleep optimization and recovery techniques for athletes maximizing training adaptation.",lumen.price.demo@notreal.example,,25-44,Mixed,United States,DEMO_DATA,
Moss Garcia,Instagram,https://instagram.com/demo_mossgarcia,30000,4.5,fitness,"strength and conditioning,athlete training,sport specific","Sport-specific strength and conditioning content for team sport athletes looking to improve performance.",moss.garcia.demo@notreal.example,,18-34,Male,Spain,DEMO_DATA,
Nova Hughes,YouTube,https://youtube.com/demo_novahughes,57000,3.4,fitness,"longevity fitness,healthy aging,lifestyle medicine","Fitness for longevity content focused on evidence-based strategies for healthy aging and vitality.",nova.hughes.demo@notreal.example,https://novalongevity-demo.example,35-65+,Mixed,United States,DEMO_DATA,
Oak Sanchez,Instagram,https://instagram.com/demo_oaksanchez,13500,7.1,fitness,"boxing fitness,heavy bag,combat conditioning","Boxing fitness content including heavy bag workouts and combat conditioning routines for non-fighters.",oak.sanchez.demo@notreal.example,,18-34,Male,United States,DEMO_DATA,
Petal Ortiz,TikTok,https://tiktok.com/@demo_petalortiz,66000,5.3,fitness,"cycle syncing,hormonal fitness,womens health","Cycle-syncing fitness content aligning workouts with hormonal phases for women's health optimization.",petal.ortiz.demo@notreal.example,,25-44,Female,United States,DEMO_DATA,
